step,epoch,loss,inv,var,cov,lr,ema_tau,std_z,std_z_t,batch_sim,sec_per_step
1,0,1.0690360069274902,1.008771300315857,0.0,0.060264743864536285,4e-06,0.9900000002467401,0.051683247089385986,0.05123206973075867,-0.028931817039847374,1.0797
25,0,0.8498770594596863,0.7871778011322021,0.0,0.06269928067922592,5.2000000000000004e-05,0.990000154211776,0.051539577543735504,0.0510660819709301,-0.025281809270381927,0.074
50,0,0.6979032158851624,0.6383402943611145,0.0,0.05956292897462845,0.00010200000000000001,0.9900006168375917,0.051627784967422485,0.05131484195590019,-0.026350975036621094,0.0546
75,0,0.6137255430221558,0.5552910566329956,0.0,0.05843449756503105,0.000152,0.99000138784891,0.05153312906622887,0.05121487379074097,-0.02538185380399227,0.0475
100,0,0.5829967260360718,0.5214605331420898,0.0,0.06153622269630432,0.000202,0.9900024671981713,0.0514158234000206,0.05106550082564354,-0.021668266505002975,0.044
125,1,0.6120270490646362,0.551162600517273,0.0,0.060864437371492386,0.000252,0.9900038548187964,0.051424540579319,0.050903674215078354,-0.021548600867390633,0.0419
150,1,0.5721023678779602,0.51231849193573,2.1300589651218615e-05,0.05976259708404541,0.00030199999999999997,0.9900055506251901,0.0514042004942894,0.05103068798780441,-0.020422935485839844,0.0407
175,1,0.5454405546188354,0.49011558294296265,8.252760380855761e-06,0.0553167462348938,0.000352,0.9900075545127474,0.051527462899684906,0.051117684692144394,-0.024208080023527145,0.0395
200,1,0.46615421772003174,0.4080369770526886,1.0813276276167016e-05,0.05810641124844551,0.000402,0.9900098663578586,0.051349397748708725,0.05130947753787041,-0.019579779356718063,0.0387
225,2,0.5545986294746399,0.5024341344833374,1.9715167582035065e-05,0.052144791930913925,0.00045200000000000004,0.9900124860179187,0.051609259098768234,0.05152574181556702,-0.0275337565690279,0.0381
250,2,0.4917830526828766,0.4302583932876587,9.172285899694543e-06,0.06151547655463219,0.000502,0.9900154133313344,0.05123471841216087,0.051255013793706894,-0.017747828736901283,0.0378
275,2,0.3825835585594177,0.3299188017845154,6.33516674497514e-06,0.052658408880233765,0.0005520000000000001,0.9900186481175353,0.05132722854614258,0.051270581781864166,-0.01889849081635475,0.0373
300,2,0.38474515080451965,0.3373684883117676,1.1095777153968811e-05,0.047365568578243256,0.000602,0.9900221901769846,0.051472604274749756,0.051476843655109406,-0.02350405976176262,0.037
325,3,0.3605615198612213,0.3132062256336212,5.017345301894238e-06,0.04735029861330986,0.000652,0.9900260392911914,0.05152745172381401,0.051560550928115845,-0.02483191527426243,0.0368
350,3,0.38458162546157837,0.3346251845359802,8.956219062383752e-06,0.04994746297597885,0.000702,0.9900301952227241,0.051457684487104416,0.05148911476135254,-0.022679055109620094,0.0367
375,3,0.29980307817459106,0.2524624168872833,7.875109076849185e-06,0.04733278974890709,0.000752,0.9900346577152254,0.051464732736349106,0.051412612199783325,-0.023428115993738174,0.0366
400,3,0.32954904437065125,0.2853966951370239,1.070632970368024e-05,0.04414163902401924,0.0008020000000000001,0.9900394264934276,0.051462702453136444,0.051468875259160995,-0.02240072377026081,0.0368
425,4,0.3258534073829651,0.2768959105014801,6.649953775195172e-06,0.048950839787721634,0.000852,0.9900445012631701,0.051594242453575134,0.051518481224775314,-0.025695815682411194,0.0369
450,4,0.3250153362751007,0.2759847044944763,1.3052951544523239e-05,0.04901757091283798,0.000902,0.9900498817114172,0.05153931677341461,0.05149120092391968,-0.024762656539678574,0.0369
475,4,0.33445653319358826,0.28720468282699585,9.822814718063455e-06,0.04724201560020447,0.000952,0.9900555675062774,0.05160708352923393,0.05142420157790184,-0.026849914342164993,0.0367
500,4,0.3518922030925751,0.30986467003822327,8.364829227502923e-06,0.04201916605234146,0.001,0.9900615582970242,0.05148863419890404,0.05126367136836052,-0.021576030179858208,0.0366
525,5,0.2985308766365051,0.2577994167804718,5.677342414855957e-06,0.04072575643658638,0.0009999829128320872,0.9900678537141175,0.05141003057360649,0.051323503255844116,-0.01959654502570629,0.0367
550,5,0.27282240986824036,0.23093292117118835,8.217680260713678e-06,0.04188128188252449,0.0009999316524962345,0.9900744533692262,0.05151257663965225,0.051539093255996704,-0.02362777292728424,0.0368
575,5,0.22220900654792786,0.18001675605773926,6.220458999450784e-06,0.042186032980680466,0.0009998462224960175,0.9900813568552523,0.05150463432073593,0.051455359905958176,-0.02205142378807068,0.0367
600,5,0.2576053738594055,0.21829861402511597,7.025742434052518e-06,0.03929973393678665,0.000999726628670463,0.9900885637463566,0.051546208560466766,0.051381319761276245,-0.02367103099822998,0.0367
625,6,0.2522917091846466,0.2065446674823761,8.559785783290863e-06,0.045738499611616135,0.0009995728791936504,0.9900960735979838,0.05154382437467575,0.051192592829465866,-0.023264169692993164,0.0367
650,6,0.22184030711650848,0.18078073859214783,6.115685209806543e-06,0.04105345532298088,0.0009993849845741523,0.9901038859468911,0.051380377262830734,0.05145379900932312,-0.01869499683380127,0.0367
675,6,0.2652445435523987,0.2239370346069336,8.334716767421924e-06,0.04129919409751892,0.0009991629576543164,0.9901120003111761,0.05150444433093071,0.051462799310684204,-0.022232137620449066,0.0367
700,6,0.23402778804302216,0.191203773021698,5.78460003453074e-06,0.042818229645490646,0.0009989068136093873,0.9901204161903062,0.05164226144552231,0.0513940155506134,-0.02626708894968033,0.0366
725,7,0.22745370864868164,0.18471994996070862,8.44104215502739e-06,0.042725320905447006,0.0009986165699464706,0.9901291330651507,0.05141245573759079,0.051324740052223206,-0.018386859446763992,0.0366
750,7,0.23752200603485107,0.1957397758960724,5.344239525584271e-06,0.0417768731713295,0.000998292246503335,0.9901381503980116,0.051415394991636276,0.051474716514348984,-0.019352057948708534,0.0366
775,7,0.22435282170772552,0.18522067368030548,5.519948899745941e-06,0.03912663459777832,0.0009979338654470568,0.9901474676326573,0.05155486613512039,0.05137712508440018,-0.023001963272690773,0.0366
800,7,0.23655621707439423,0.19638825953006744,6.462602868850809e-06,0.040161486715078354,0.0009975414512725057,0.9901570841943569,0.051359593868255615,0.05128706619143486,-0.01760135032236576,0.0367
825,8,0.24819451570510864,0.20844244956970215,7.533778898505261e-06,0.03974452242255211,0.000997115030800669,0.9901669994899155,0.05151441693305969,0.05123564228415489,-0.02174130082130432,0.0366
850,8,0.22816331684589386,0.18913565576076508,4.684863142756512e-06,0.03902297839522362,0.0009966546331768192,0.990177212907711,0.0514998659491539,0.05157547444105148,-0.022222349420189857,0.0366
875,8,0.21731609106063843,0.18212184309959412,7.489696145057678e-06,0.03518674895167351,0.0009961602898685225,0.9901877238177318,0.05132679268717766,0.05125737935304642,-0.016383247449994087,0.0367
900,8,0.22903728485107422,0.19071298837661743,8.124392479658127e-06,0.03831617161631584,0.0009956320346634876,0.9901985315716153,0.05141801759600639,0.05146808549761772,-0.019832341000437737,0.0367
925,9,0.20795992016792297,0.16699892282485962,7.3544993028917816e-06,0.040953632444143295,0.000995069903667256,0.9902096355026884,0.0514996275305748,0.051438551396131516,-0.021123243495821953,0.0368
950,9,0.22134371101856232,0.1845054030418396,4.943305157212308e-06,0.03683336079120636,0.0009944739353007343,0.9902210349260083,0.05148109048604965,0.05138705298304558,-0.020436666905879974,0.0369
975,9,0.23728910088539124,0.19963230192661285,7.9843839557725e-06,0.03764880448579788,0.0009938441702975688,0.990232729138405,0.051472630351781845,0.05138156935572624,-0.019975699484348297,0.0369
1000,9,0.22271552681922913,0.18492509424686432,6.70040026307106e-06,0.037783730775117874,0.0009931806517013613,0.9902447174185243,0.05142178386449814,0.05143943428993225,-0.018640175461769104,0.037
1025,10,0.20612481236457825,0.17194852232933044,7.907084182079416e-06,0.03416837379336357,0.000992483424862726,0.9902569990268725,0.051346711814403534,0.05123460292816162,-0.016645565629005432,0.037
1050,10,0.2009926736354828,0.1644132435321808,5.643970325763803e-06,0.036573782563209534,0.0009917525374361913,0.9902695732058623,0.0515231192111969,0.051428817212581635,-0.022025058045983315,0.0371
1075,10,0.22116334736347198,0.18497376143932343,5.666477136401227e-06,0.0361839197576046,0.000990988039376942,0.990282439179859,0.051446907222270966,0.05139093101024628,-0.020892983302474022,0.0371
1100,10,0.18619731068611145,0.15029332041740417,7.644141078344546e-06,0.03589634597301483,0.0009901899829374047,0.9902955961552289,0.051325440406799316,0.05127890035510063,-0.0165045615285635,0.0371
1125,11,0.20753361284732819,0.1708657145500183,6.662992291239789e-06,0.036661241203546524,0.0009893584226636774,0.9903090433203876,0.051544494926929474,0.05144421383738518,-0.022478584200143814,0.0371
1150,11,0.21279117465019226,0.17540359497070312,5.183741450309753e-06,0.037382401525974274,0.0009884934153917997,0.9903227798458507,0.05133742839097977,0.051286838948726654,-0.016254166141152382,0.0371
1175,11,0.21749044954776764,0.1770462989807129,7.401376024063211e-06,0.040436744689941406,0.00098759502024387,0.9903368048842845,0.05139224976301193,0.05120782181620598,-0.016309352591633797,0.0372
1200,11,0.20055554807186127,0.16152076423168182,5.896048151043942e-06,0.03902887925505638,0.000986663298624003,0.9903511175705587,0.05146278068423271,0.05126897618174553,-0.019703980535268784,0.0372
1225,12,0.1926519274711609,0.1558321714401245,4.502634510572534e-06,0.036815252155065536,0.0009856983142141338,0.9903657170217994,0.0513019934296608,0.05121052265167236,-0.014088775031268597,0.0372
1250,12,0.1981278657913208,0.16382138431072235,3.026643298653653e-06,0.0343034565448761,0.0009847001329696653,0.9903806023374435,0.05141885578632355,0.05123630911111832,-0.018540194258093834,0.0372
1275,12,0.1992698311805725,0.16565504670143127,5.202367901802063e-06,0.033609580248594284,0.0009836688231149593,0.9903957725992949,0.05139268562197685,0.05125097557902336,-0.01778695359826088,0.0374
1300,12,0.17263083159923553,0.13943737745285034,3.953154191549402e-06,0.033189501613378525,0.0009826044551386743,0.9904112268715801,0.05141138285398483,0.05137728154659271,-0.01797492988407612,0.0374
1325,13,0.19004680216312408,0.15762102603912354,5.248778961686185e-06,0.03242053464055061,0.000981507101788948,0.990426964201007,0.05150365084409714,0.051310788840055466,-0.020852861925959587,0.0375
1350,13,0.19744110107421875,0.16428779065608978,7.514997378166299e-06,0.033145803958177567,0.0009803768380684242,0.9904429836168228,0.05146566033363342,0.05135264992713928,-0.01989876478910446,0.0375
1375,13,0.17538291215896606,0.1398448944091797,3.7093027458467986e-06,0.03553431108593941,0.0009792137412291265,0.9904592841308746,0.051453083753585815,0.051303766667842865,-0.018832644447684288,0.0376
1400,13,0.17092545330524445,0.13939979672431946,4.871127657679608e-06,0.0315207801759243,0.0009780178907671788,0.9904758647376699,0.05136289447546005,0.05129414051771164,-0.016911625862121582,0.0379
1425,14,0.17221422493457794,0.13944858312606812,6.356276571750641e-06,0.032759279012680054,0.0009767893684173722,0.9904927244144388,0.05139100179076195,0.05129530280828476,-0.016762491315603256,0.0381
1450,14,0.14664381742477417,0.11577609181404114,5.474314093589783e-06,0.030862245708703995,0.0009755282581475768,0.990509862121197,0.05135104060173035,0.05140206217765808,-0.0153418630361557,0.0382
1475,14,0.25724443793296814,0.22136777639389038,3.437511622905731e-06,0.03587321564555168,0.0009742346461530047,0.9905272768008099,0.0514303557574749,0.051148127764463425,-0.017801368609070778,0.0382
1500,14,0.16481149196624756,0.13106516003608704,4.300537511880975e-06,0.0337420217692852,0.0009729086208503173,0.9905449673790582,0.051403723657131195,0.05136893317103386,-0.017039936035871506,0.0384
1525,15,0.16970518231391907,0.13740456104278564,5.4001188800612e-06,0.03229523450136185,0.0009715502728715826,0.9905629327647035,0.05142957717180252,0.05124867707490921,-0.018079999834299088,0.0385
1550,15,0.19577129185199738,0.16115111112594604,5.718941793020349e-06,0.034614454954862595,0.0009701596950580807,0.9905811718495565,0.05128081887960434,0.05121726915240288,-0.013131976127624512,0.0386
1575,15,0.19926035404205322,0.16540953516960144,5.961395800113678e-06,0.03384486585855484,0.0009687369824539577,0.9905996835085443,0.051431626081466675,0.051405083388090134,-0.017862370237708092,0.0386
1600,15,0.18069787323474884,0.14948929846286774,4.119860932405572e-06,0.03120446763932705,0.0009672822322997304,0.9906184665997807,0.051205508410930634,0.05116233229637146,-0.010018088854849339,0.0386
1625,16,0.19370120763778687,0.1612519919872284,4.0953359530249145e-06,0.03244512155652046,0.0009657955440256395,0.990637519964636,0.05140014737844467,0.051356345415115356,-0.01635213941335678,0.0387
1650,16,0.18274903297424316,0.14738762378692627,4.811833605344873e-06,0.03535659611225128,0.0009642770192448536,0.990656842427809,0.05136890336871147,0.05119121074676514,-0.015464468859136105,0.0388
1675,16,0.1575421392917633,0.12472864240407944,5.472141310747247e-06,0.032808031886816025,0.0009627267617465243,0.9906764327973993,0.051451943814754486,0.051326118409633636,-0.0181479100137949,0.0389
1700,16,0.14416369795799255,0.11557915061712265,4.291689947422128e-06,0.028580263257026672,0.0009611448774886924,0.9906962898649803,0.05150393396615982,0.051474206149578094,-0.02018810622394085,0.0389
1725,17,0.15745456516742706,0.12795180082321167,4.59266220786958e-06,0.02949817292392254,0.0009595314745910455,0.9907164124056748,0.051400285214185715,0.05127423256635666,-0.016251185908913612,0.039
1750,17,0.17100396752357483,0.13983213901519775,6.2628341765957884e-06,0.03116556815803051,0.0009578866633275287,0.9907367991782295,0.05137035250663757,0.05136703699827194,-0.015864429995417595,0.0391
1775,17,0.16078931093215942,0.1272156536579132,5.043577402830124e-06,0.033568620681762695,0.0009562105561188068,0.9907574489250924,0.051349274814128876,0.051218196749687195,-0.015736622735857964,0.0392
1800,17,0.13500292599201202,0.10339246690273285,5.989335477352142e-06,0.03160446882247925,0.0009545032675245813,0.9907783603724899,0.051322128623723984,0.05132573843002319,-0.01314576156437397,0.0393
1825,18,0.17542895674705505,0.14480292797088623,6.607889190490823e-06,0.0306194256991148,0.0009527649142357595,0.9907995322305053,0.05124276503920555,0.051271867007017136,-0.011309945955872536,0.0394
1850,18,0.189963698387146,0.16133229434490204,5.659492217091611e-06,0.028625739738345146,0.0009509956150664796,0.9908209631931586,0.05124768614768982,0.051295649260282516,-0.010957619175314903,0.0395
1875,18,0.1729675531387329,0.14418154954910278,3.0403025448322296e-06,0.028782963752746582,0.0009491954909459895,0.9908426519384873,0.05122171342372894,0.0511055588722229,-0.01036084070801735,0.0395
1900,18,0.18980948626995087,0.15714731812477112,3.8755438254156616e-06,0.03265829384326935,0.0009473646649103818,0.9908645971286272,0.05122939869761467,0.05129660665988922,-0.011011932976543903,0.0395
1925,19,0.14648625254631042,0.11678805947303772,3.4008796774287475e-06,0.02969479002058506,0.0009455032620941839,0.9908867974098957,0.051344528794288635,0.051167696714401245,-0.014569001272320747,0.0395
1950,19,0.15575243532657623,0.1249856948852539,4.777064077643445e-06,0.03076196275651455,0.000943611409721806,0.9909092514128749,0.051369696855545044,0.051388662308454514,-0.015147349797189236,0.0396
1975,19,0.14843687415122986,0.1176026463508606,6.559615485457471e-06,0.030827676877379417,0.0009416892370988444,0.9909319577524961,0.0512111596763134,0.05114951729774475,-0.009902208112180233,0.0397
2000,19,0.15417370200157166,0.12180895358324051,5.700470410374692e-06,0.0323590412735939,0.0009397368756032445,0.9909549150281253,0.05127285048365593,0.051174096763134,-0.012301633134484291,0.0398
2025,20,0.1726364642381668,0.13785043358802795,3.0868686735630035e-06,0.03478294238448143,0.0009377544586763215,0.9909781218236495,0.05125020444393158,0.05121719837188721,-0.011241667903959751,0.0399
2050,20,0.1710217297077179,0.13885657489299774,6.108079105615616e-06,0.032159045338630676,0.0009357421218136386,0.9910015767075645,0.05140659213066101,0.05107485502958298,-0.015766311436891556,0.0399
2075,20,0.14901405572891235,0.11951694637537003,4.412296220834833e-06,0.029492700472474098,0.0009337000025557476,0.9910252782330624,0.051265012472867966,0.051095105707645416,-0.011401796713471413,0.0401
2100,20,0.14893615245819092,0.11999854445457458,5.034109108237317e-06,0.02893257699906826,0.000931628240478787,0.9910492249381215,0.051326535642147064,0.051253318786621094,-0.013782194815576077,0.0402
2125,21,0.16652649641036987,0.1369798332452774,5.49278547623544e-06,0.029541170224547386,0.0009295269771849426,0.9910734153455962,0.05138174816966057,0.05133932828903198,-0.014960922300815582,0.0403
2150,21,0.16001620888710022,0.1273292899131775,4.8455162868776824e-06,0.03268206864595413,0.0009273963562927695,0.9910978479633084,0.05137213319540024,0.05121681094169617,-0.01495841983705759,0.0404
2175,21,0.15835821628570557,0.1285160481929779,4.5173801481723785e-06,0.029837651178240776,0.0009252365234273754,0.9911225212841388,0.05118606612086296,0.05108121037483215,-0.008300230838358402,0.0405
2200,21,0.16901671886444092,0.13899023830890656,3.4289746508875396e-06,0.030023057013750076,0.0009230476262104677,0.991147433786121,0.051310114562511444,0.05135374888777733,-0.012845666147768497,0.0406
2225,22,0.16614581644535065,0.13733676075935364,4.873766556556802e-06,0.02880418859422207,0.0009208298142502635,0.9911725839325346,0.05139955133199692,0.05137742683291435,-0.01566598378121853,0.0406
2250,22,0.11974863708019257,0.09102243930101395,6.0996972024440765e-06,0.028720099478960037,0.0009185832391312643,0.9911979701719998,0.05131542682647705,0.051158539950847626,-0.012996976263821125,0.0407
2275,22,0.17426393926143646,0.14267373085021973,6.3617094383516815e-06,0.03158384561538696,0.0009163080544038952,0.991223590938574,0.05137920379638672,0.05130743980407715,-0.015808070078492165,0.0409
2300,22,0.1540890485048294,0.12474143505096436,3.27499583363533e-06,0.029344329610466957,0.00091400441557401,0.9912494446518477,0.05134683474898338,0.05126030370593071,-0.013819767162203789,0.041
2325,23,0.16040483117103577,0.13034863770008087,4.245433956384659e-06,0.0300519447773695,0.0009116724800922629,0.9912755297170419,0.05127017945051193,0.051019005477428436,-0.010992060415446758,0.0411
2350,23,0.14497379958629608,0.11653304100036621,5.67811866858392e-06,0.028435075655579567,0.0009093124073433463,0.991301844525107,0.05125954747200012,0.05122235417366028,-0.011535621248185635,0.0412
2375,23,0.15851305425167084,0.12679404020309448,5.576759576797485e-06,0.031713444739580154,0.0009069243586350975,0.9913283874528216,0.051258038729429245,0.051214586943387985,-0.011365238577127457,0.0412
2400,23,0.15793393552303314,0.13042905926704407,2.529006451368332e-06,0.02750234119594097,0.0009045084971874737,0.9913551568628929,0.05115869641304016,0.051190197467803955,-0.008172177709639072,0.0412
2425,24,0.19333164393901825,0.1613205522298813,5.231394425209146e-06,0.03200586512684822,0.0009020649881213959,0.9913821511040577,0.05110274255275726,0.05097579210996628,-0.0058992779813706875,0.0412
2450,24,0.17409825325012207,0.1438073068857193,3.5023938380618347e-06,0.030287444591522217,0.0008995939984474624,0.991409368511184,0.051314011216163635,0.05120659992098808,-0.012683866545557976,0.0412
2475,24,0.1645112782716751,0.13675528764724731,4.34958701589494e-06,0.027751639485359192,0.0008970956970545355,0.991436807405374,0.05125357210636139,0.051195185631513596,-0.010409153066575527,0.0413
2500,24,0.1627548187971115,0.13272634148597717,3.6029766761203064e-06,0.03002486564218998,0.0008945702546981969,0.9914644660940672,0.051177944988012314,0.050970327109098434,-0.00826418586075306,0.0413
2525,25,0.1834094524383545,0.1514640897512436,4.731274202640634e-06,0.03194061666727066,0.0008920178439890765,0.9914923428711457,0.051307450979948044,0.05120648443698883,-0.012541989795863628,0.0414
2550,25,0.1572779268026352,0.1288723647594452,5.031780801800778e-06,0.028400519862771034,0.0008894386393810563,0.9915204360170384,0.051263801753520966,0.05132501944899559,-0.011397546157240868,0.0415
2575,25,0.18157318234443665,0.1515253186225891,5.398876965045929e-06,0.030042463913559914,0.0008868328171593447,0.9915487437988278,0.0512213334441185,0.05104513093829155,-0.009797940030694008,0.0416
2600,25,0.1729155033826828,0.14253732562065125,3.4167121611972107e-06,0.030374759808182716,0.0008842005554284296,0.9915772644703565,0.0512378066778183,0.05124584957957268,-0.009753848426043987,0.0417
2625,26,0.15737350285053253,0.12538844347000122,5.560306362895062e-06,0.031979501247406006,0.0008815420340999033,0.9916059962723353,0.051232121884822845,0.05112573504447937,-0.01073849480599165,0.0418
2650,26,0.15704882144927979,0.1264873743057251,5.708386652258923e-06,0.030555738136172295,0.0008788574348801675,0.9916349374324511,0.051222413778305054,0.0511152446269989,-0.009980818256735802,0.0418
2675,26,0.14541202783584595,0.11382457613945007,6.188794031913858e-06,0.03158126398921013,0.0008761469412580125,0.991664086165477,0.05124104022979736,0.05128967761993408,-0.010288617573678493,0.0419
2700,26,0.1651858538389206,0.1343952715396881,3.1719296202936675e-06,0.030787408351898193,0.000873410738492077,0.9916934406733817,0.051132749766111374,0.05097883194684982,-0.006453966721892357,0.042
2725,27,0.15258170664310455,0.12485890835523605,4.21299318986712e-06,0.02771858684718609,0.0008706490135981855,0.991722999145441,0.051331352442502975,0.05121961236000061,-0.01287845242768526,0.042
2750,27,0.13560909032821655,0.10720832645893097,3.7175293527980102e-06,0.028397053480148315,0.0008678619553365659,0.9917527597583491,0.05117010325193405,0.05104764550924301,-0.0077760666608810425,0.042
2775,27,0.19114769995212555,0.16153840720653534,5.424333267001202e-06,0.0296038631349802,0.0008650497541989482,0.9917827206763311,0.051186516880989075,0.05104482173919678,-0.007734598126262426,0.042
2800,27,0.17372113466262817,0.14166611433029175,5.446064278658014e-06,0.032049573957920074,0.0008622126023955446,0.9918128800512566,0.051193177700042725,0.05111992359161377,-0.00879378616809845,0.042
2825,28,0.15035024285316467,0.11746954172849655,3.0275746212282684e-06,0.03287768363952637,0.000859350693841912,0.9918432360227531,0.05103534460067749,0.05105627328157425,-0.002991659101098776,0.0421
2850,28,0.1268933266401291,0.10026004165410995,5.5353157222270966e-06,0.02662774920463562,0.0008564642241456986,0.9918737867183215,0.05119677633047104,0.05114685744047165,-0.008308201096951962,0.0421
2875,28,0.1293533444404602,0.10220623016357422,4.951066330249887e-06,0.02714216709136963,0.0008535533905932737,0.9919045302534508,0.05125560984015465,0.05121932178735733,-0.010387352667748928,0.0421
2900,28,0.1729956567287445,0.1457710564136505,4.231464117765427e-06,0.02722037397325039,0.0008506183921362443,0.9919354647317351,0.0512579046189785,0.05117381364107132,-0.01010466180741787,0.0421
2925,29,0.13422319293022156,0.10531333833932877,4.2912242861348204e-06,0.028905555605888367,0.0008476594293778561,0.99196658824499,0.051308419555425644,0.051268793642520905,-0.012207887135446072,0.0422
2950,29,0.13641905784606934,0.10847881436347961,4.985680334357312e-06,0.027935264632105827,0.0008446767045592829,0.9919978988733705,0.05112762749195099,0.05115366727113724,-0.007017832715064287,0.0423
2975,29,0.1448754370212555,0.11680150032043457,4.062118932779413e-06,0.0280698724091053,0.0008416704215458042,0.9920293946854898,0.051254600286483765,0.05109298974275589,-0.010449220426380634,0.0424
3000,29,0.14134380221366882,0.11491049826145172,3.908605776814511e-06,0.02642938494682312,0.0008386407858128706,0.9920610737385376,0.05123947560787201,0.05110887438058853,-0.010033232159912586,0.0425
3025,30,0.16421648859977722,0.13531018793582916,3.893083885486703e-06,0.028902411460876465,0.0008355880044320598,0.9920929340784008,0.05124703049659729,0.05110707879066467,-0.010111331939697266,0.0425
3050,30,0.12393125891685486,0.09458622336387634,3.817801825789502e-06,0.02934122085571289,0.0008325122860569241,0.9921249737397836,0.05125586688518524,0.051204875111579895,-0.010584089905023575,0.0425
3075,30,0.13713565468788147,0.10986186563968658,5.1157549023628235e-06,0.02726866863667965,0.0008294138409087289,0.9921571907463287,0.05117417499423027,0.05110558494925499,-0.007066513877362013,0.0425
3100,30,0.13380147516727448,0.1049763411283493,3.229671619919827e-06,0.028821906074881554,0.0008262928807620843,0.9921895831107393,0.051087867468595505,0.05088108405470848,-0.00559792248532176,0.0425
3125,31,0.14549659192562103,0.11362776905298233,3.528470870151068e-06,0.03186529502272606,0.0008231496189304704,0.992222148834902,0.051068902015686035,0.05107864737510681,-0.0043728831224143505,0.0425
3150,31,0.1550903171300888,0.12669220566749573,3.419661425141385e-06,0.028394699096679688,0.0008199842702516583,0.9922548859100093,0.051079586148262024,0.05106905847787857,-0.004407798405736685,0.0426
3175,31,0.13218984007835388,0.10699670016765594,3.6192748211760772e-06,0.02518952451646328,0.0008167970510730252,0.9922877923166844,0.05104529485106468,0.050989918410778046,-0.003907470498234034,0.0428
3200,31,0.13059109449386597,0.10272946953773499,4.419591277837753e-06,0.027857203036546707,0.0008135881792367685,0.992320866025105,0.05120665580034256,0.05117904767394066,-0.008832525461912155,0.0428
3225,32,0.1372133493423462,0.1057354286313057,4.198402166366577e-06,0.03147372603416443,0.0008103578740650156,0.992354104995129,0.05123860388994217,0.05104615539312363,-0.009637953713536263,0.0428
3250,32,0.15554863214492798,0.12800565361976624,3.791103836192633e-06,0.027539188042283058,0.000807106356344834,0.9923875071764202,0.051155608147382736,0.0509365014731884,-0.008861841633915901,0.0429
3275,32,0.15669500827789307,0.1265755146741867,4.323509983805707e-06,0.030115170404314995,0.0008038338483131407,0.9924210705085748,0.05117575824260712,0.05091326683759689,-0.007810816168785095,0.0429
3300,32,0.152166485786438,0.1223256066441536,5.107528522785287e-06,0.0298357754945755,0.0008005405736415125,0.9924547929212482,0.05121607705950737,0.05119509994983673,-0.00874571967869997,0.0429
3325,33,0.14391449093818665,0.11501603573560715,3.741122782230377e-06,0.028894713148474693,0.0007972267574208991,0.9924886723342832,0.05116712674498558,0.051048606634140015,-0.007864839397370815,0.043
3350,33,0.12002069503068924,0.09289298206567764,3.0555142984667327e-06,0.02712465636432171,0.0007938926261462366,0.9925227066578379,0.05119108408689499,0.05099796876311302,-0.008058789186179638,0.0431
3375,33,0.13185186684131622,0.10517799109220505,3.453499402894522e-06,0.026670414954423904,0.0007905384077009691,0.9925568937925152,0.05124317854642868,0.05107216536998749,-0.01001749001443386,0.0431
3400,33,0.12601251900196075,0.09798993915319443,2.999945309056784e-06,0.028019582852721214,0.0007871643313414718,0.9925912316294914,0.051056958734989166,0.05104769021272659,-0.0031548282131552696,0.0431
3425,34,0.14108158648014069,0.11044254153966904,3.6514054500003112e-06,0.030635390430688858,0.0007837706276813818,0.992625718050647,0.051158469170331955,0.051041003316640854,-0.006265365052968264,0.0432
3450,34,0.12942689657211304,0.1013789027929306,3.796226110353018e-06,0.028044188395142555,0.0007803575286758365,0.9926603509286971,0.05100678652524948,0.05111340805888176,-0.0017905078129842877,0.0432
3475,34,0.129510760307312,0.0974082350730896,3.9517572076874785e-06,0.032098572701215744,0.0007769252676056187,0.9926951281273226,0.05122867971658707,0.05102604627609253,-0.008958764374256134,0.0432
3500,34,0.1066427007317543,0.07981500029563904,3.257145635870984e-06,0.02682444453239441,0.0007734740790612135,0.9927300475013022,0.05125361680984497,0.05112692341208458,-0.0099540576338768,0.0432
3525,35,0.14184190332889557,0.11709211021661758,3.5436823964118958e-06,0.02474624291062355,0.0007700041989267736,0.9927651068966444,0.0510542206466198,0.05108226463198662,-0.0029519463423639536,0.0432
3550,35,0.1478799432516098,0.11984781920909882,2.8161643967905547e-06,0.0280293058604002,0.0007665158643639969,0.9928003041507204,0.05111519619822502,0.050957780331373215,-0.005248028319329023,0.0433
3575,35,0.14673495292663574,0.11695147305727005,1.7136335372924805e-06,0.02978176437318325,0.0007630093137959171,0.992835637092398,0.051203690469264984,0.05114539712667465,-0.008474800735712051,0.0433
3600,35,0.1044590026140213,0.08016056567430496,3.2327759527106537e-06,0.024295201525092125,0.0007594847868906076,0.9928711035421747,0.05118178948760033,0.05113893747329712,-0.00812378991395235,0.0434
3625,36,0.11880289018154144,0.0937100201845169,1.4922892432878143e-06,0.025091378018260002,0.0007559425245448005,0.9929067013123128,0.0511016808450222,0.051039110869169235,-0.005200743209570646,0.0435
3650,36,0.11050470173358917,0.0836406797170639,4.337790414865594e-06,0.02685968391597271,0.000752382768867422,0.9929424282069744,0.05115404725074768,0.051048725843429565,-0.006645838730037212,0.0436
3675,36,0.10715724527835846,0.07980076968669891,4.153077952651074e-06,0.02735232375562191,0.0007488057631630437,0.9929782820223563,0.05112174153327942,0.05112152546644211,-0.005652613937854767,0.0437
3700,36,0.1361132562160492,0.10466408729553223,2.412591129541397e-06,0.03144675865769386,0.0007452117519152541,0.9930142605468261,0.05117305740714073,0.05120016261935234,-0.007236188277602196,0.0437
3725,37,0.1114192083477974,0.0840308889746666,5.428524218586972e-06,0.02738288976252079,0.0007416009807699481,0.9930503615610591,0.051165997982025146,0.05090094730257988,-0.006306558381766081,0.0437
3750,37,0.11967485398054123,0.09128652513027191,4.270890258339932e-06,0.02838405966758728,0.0007379736965185368,0.9930865828381745,0.051106225699186325,0.0510331392288208,-0.005200668703764677,0.0437
3775,37,0.12653271853923798,0.09876259416341782,3.7647164390364196e-06,0.027766359969973564,0.0007343301470810808,0.9931229221438735,0.05117073655128479,0.050986967980861664,-0.00716406898573041,0.0438
3800,37,0.12341824918985367,0.09408307075500488,3.868713974952698e-06,0.029331309720873833,0.000730670581489344,0.9931593772365767,0.05119555816054344,0.05108770728111267,-0.007286376785486937,0.0439
3825,38,0.12084491550922394,0.09656226634979248,2.9990139864821685e-06,0.024279648438096046,0.0007269952498697733,0.9931959458675618,0.0511341318488121,0.0511476956307888,-0.005923984106630087,0.0439
3850,38,0.1532086580991745,0.12365549057722092,3.6046840250492096e-06,0.02954956330358982,0.0007233044034264033,0.9932326257811037,0.05118519067764282,0.0509880892932415,-0.00735530536621809,0.0439
3875,38,0.11375761777162552,0.08625807613134384,2.2382787392416503e-06,0.0274973064661026,0.0007195982944236852,0.9932694147146125,0.05121828243136406,0.05111759528517723,-0.008970910683274269,0.0439
3900,38,0.1013558954000473,0.07635121047496796,2.356556706217816e-06,0.025002330541610718,0.0007158771761692464,0.9933063103987735,0.051133520901203156,0.05101299285888672,-0.00586703373119235,0.0439
3925,39,0.11251464486122131,0.08621131628751755,3.691297024488449e-06,0.02629964053630829,0.0007121413029965768,0.9933433105576871,0.05103505775332451,0.051135480403900146,-0.0022146564442664385,0.044
3950,39,0.13540272414684296,0.10994577407836914,2.4694018065929413e-06,0.025454485788941383,0.0007083909302476452,0.9933804129090092,0.05112438648939133,0.051025427877902985,-0.0052533578127622604,0.044
3975,39,0.12827818095684052,0.10182315856218338,2.964399755001068e-06,0.026452062651515007,0.0007046263142554469,0.9934176151640921,0.05107302591204643,0.0510534904897213,-0.00388057017698884,0.044
4000,39,0.15614545345306396,0.12890318036079407,2.9521374926844146e-06,0.027239328250288963,0.0007008477123264848,0.9934549150281252,0.05052781105041504,0.050558000802993774,0.014366044662892818,0.044
4025,40,0.11508618295192719,0.08871988952159882,3.0252463147917297e-06,0.026363272219896317,0.000697055382723181,0.9934923102002775,0.05109688267111778,0.051064383238554,-0.005194623488932848,0.0441
4050,40,0.11919612437486649,0.09395280480384827,3.6284327507019043e-06,0.025239689275622368,0.0006932495846462261,0.9935297983738385,0.05106927081942558,0.050908125936985016,-0.0027001844719052315,0.0441
4075,40,0.14848735928535461,0.1209542453289032,3.3242008612432983e-06,0.02752978913486004,0.0006894305782168638,0.993567377236361,0.0508374385535717,0.05091249197721481,0.0030254777520895004,0.0442
4100,40,0.10446316003799438,0.07940494269132614,3.263975258960272e-06,0.025054950267076492,0.0006855986244591103,0.9936050444698038,0.05121270939707756,0.050999801605939865,-0.007817041128873825,0.0443
4125,41,0.11679641902446747,0.08923516422510147,2.7596640848059906e-06,0.027558494359254837,0.0006817539852819149,0.9936427977506747,0.051053911447525024,0.051017772406339645,-0.0034055353607982397,0.0443
4150,41,0.19372767210006714,0.16473183035850525,2.137230239895871e-06,0.028993714600801468,0.0006778969234612583,0.9936806347501731,0.05096791312098503,0.05086326226592064,0.00016466720262542367,0.0444
4175,41,0.12383901327848434,0.09738101065158844,3.295019268989563e-06,0.026454711332917213,0.0006740277026221923,0.993718553134335,0.05095955729484558,0.050937097519636154,-1.4360392697199131e-06,0.0444
4200,41,0.10776685923337936,0.08373963832855225,2.6994384825229645e-06,0.024024521932005882,0.0006701465872208216,0.9937565505641757,0.0511699914932251,0.05103159695863724,-0.006548438221216202,0.0445
4225,42,0.14506620168685913,0.11595503985881805,3.505653467072989e-06,0.029107658192515373,0.0006662538425262285,0.9937946246958348,0.05107748508453369,0.050859369337558746,-0.00322556821629405,0.0445
4250,42,0.11256195604801178,0.08747736364603043,2.2008705400367035e-06,0.02508239820599556,0.0006623497346023419,0.9938327731807205,0.051068346947431564,0.050897713750600815,-0.0030383190605789423,0.0445
4275,42,0.11471521109342575,0.08616210520267487,2.752058207988739e-06,0.02855035476386547,0.0006584345302897522,0.9938709936656545,0.05118144676089287,0.05103464052081108,-0.0065835947170853615,0.0446
4300,42,0.11127156019210815,0.08372889459133148,1.915885832204367e-06,0.027540747076272964,0.0006545084971874737,0.9939092837930172,0.050916071981191635,0.050897907465696335,0.0019735111854970455,0.0446
4325,43,0.11133700609207153,0.08419329673051834,2.161910288123181e-06,0.027141544967889786,0.0006505719036346538,0.9939476412008935,0.05094216391444206,0.050851475447416306,0.001431722310371697,0.0446
4350,43,0.11230514943599701,0.08567973226308823,3.453499402894522e-06,0.026621956378221512,0.0006466250186922324,0.9939860635232174,0.05092081427574158,0.05091889202594757,0.0022293587680906057,0.0446
4375,43,0.11551108956336975,0.08805370330810547,3.873991772707086e-06,0.027453510090708733,0.0006426681121245527,0.9940245483899194,0.050893254578113556,0.05092613026499748,0.0025774932000786066,0.0447
4400,43,0.1375632882118225,0.10813969373703003,2.344294216527487e-06,0.029421240091323853,0.0006387014543809223,0.9940630934270713,0.05100708827376366,0.05096378177404404,-0.0006011260556988418,0.0447
4425,44,0.12268467247486115,0.09665550291538239,3.818733148364117e-06,0.02602534554898739,0.0006347253165771289,0.994101696257034,0.051106810569763184,0.05096279829740524,-0.003974722698330879,0.0448
4450,44,0.11097293347120285,0.08054743707180023,3.0458904802799225e-06,0.030422449111938477,0.0006307399704769099,0.9941403544986029,0.050877124071121216,0.050935667008161545,0.003610708750784397,0.0448
4475,44,0.1299600750207901,0.1015714704990387,2.590784333733609e-06,0.028386009857058525,0.000626745688473377,0.9941790657671556,0.05092243850231171,0.050950612872838974,0.0017467342549934983,0.0448
4500,44,0.11179835349321365,0.0845758393406868,2.149647798432852e-06,0.027220362797379494,0.0006227427435703996,0.9942178276747988,0.05099291726946831,0.05077968165278435,-0.0004746380145661533,0.0448
4525,45,0.10480726510286331,0.07972081005573273,2.1449911855597747e-06,0.02508430741727352,0.0006187314093639443,0.9942566378305154,0.050821058452129364,0.05074430629611015,0.005764385219663382,0.0448
4550,45,0.11630499362945557,0.08793090283870697,1.723412424325943e-06,0.028372371569275856,0.0006147119600233758,0.9942954938403121,0.05080192908644676,0.05069537088274956,0.006460159085690975,0.0449
4575,45,0.13372421264648438,0.10494919866323471,2.20335414269357e-06,0.028772806748747826,0.0006106846702727172,0.9943343933073673,0.050697699189186096,0.05054028332233429,0.009756025858223438,0.045
4600,45,0.11903391778469086,0.08955886960029602,3.383805506018689e-06,0.029471665620803833,0.0006066498153718734,0.9943733338321785,0.05094325542449951,0.050774168223142624,0.0017731408588588238,0.045
4625,46,0.12022988498210907,0.09159233421087265,2.1311766431608703e-06,0.02863542176783085,0.0006026076710978171,0.9944123130127108,0.050967153161764145,0.050880253314971924,0.0009858261328190565,0.045
4650,46,0.12096434831619263,0.09340164065361023,2.140489868907025e-06,0.027560565620660782,0.0005985585137257401,0.9944513284445448,0.050973162055015564,0.05082317441701889,0.0009701440576463938,0.0451
4675,46,0.128813236951828,0.10315188765525818,1.6378860436816467e-06,0.025659708306193352,0.0005945026200101702,0.9944903777210248,0.05086107179522514,0.05095827206969261,0.004360020626336336,0.0451
4700,46,0.14073820412158966,0.11421985179185867,1.4808028936386108e-06,0.026516873389482498,0.000590440267166055,0.9945294584334075,0.050900332629680634,0.05087712034583092,0.002992770867422223,0.0451
4725,47,0.1468297243118286,0.12153603136539459,1.0815759878823883e-06,0.02529260888695717,0.0005863717328498153,0.9945685681710104,0.0507352314889431,0.05062837526202202,0.00899153109639883,0.0451
4750,47,0.12814393639564514,0.0986577719449997,2.463658802298596e-06,0.029483700171113014,0.000582297295140367,0.9946077045213608,0.05086606740951538,0.050857435911893845,0.004429493099451065,0.0452
4775,47,0.12493559718132019,0.09635947644710541,2.3754935227771057e-06,0.028573745861649513,0.0005782172325201155,0.9946468650703442,0.050890713930130005,0.050693266093730927,0.00321470620110631,0.0453
4800,47,0.12528309226036072,0.09867478907108307,2.7006803975382354e-06,0.026605600491166115,0.000574131823855921,0.9946860474023534,0.05091137811541557,0.05069660395383835,0.0030186683870851994,0.0453
4825,48,0.1036933958530426,0.07685000449419022,2.6331595108786132e-06,0.026840759441256523,0.000570041348380039,0.9947252491004378,0.050869643688201904,0.050628066062927246,0.0048616076819598675,0.0454
4850,48,0.1047060415148735,0.07501208782196045,2.4115047381201293e-06,0.0296915415674448,0.0005659460856710345,0.9947644677464518,0.05098176747560501,0.050893764942884445,-1.7839813153841533e-05,0.0454
4875,48,0.11504414677619934,0.08770264685153961,1.8676122408578522e-06,0.027339626103639603,0.000561846315634674,0.9948037009212046,0.05072532221674919,0.050579529255628586,0.0090808579698205,0.0454
4900,48,0.11046196520328522,0.0852360725402832,1.5255063772201538e-06,0.025224361568689346,0.0005577423184847932,0.9948429462046093,0.0507810041308403,0.050705116242170334,0.006941978354007006,0.0454
4925,49,0.11245542019605637,0.08691954612731934,1.775100827217102e-06,0.02553410269320011,0.0005536343747241459,0.9948822011758319,0.05081205815076828,0.05061234533786774,0.006578376051038504,0.0454
4950,49,0.1163577288389206,0.09173022210597992,2.492529802111676e-06,0.024625012651085854,0.0005495227651252315,0.9949214634134409,0.05084466189146042,0.05061379075050354,0.005086628254503012,0.0454
4975,49,0.11727426946163177,0.08864700794219971,1.666136085987091e-06,0.028625590726733208,0.0005454077707111041,0.9949607304955564,0.05078762024641037,0.050662290304899216,0.007569028064608574,0.0455
5000,49,0.09964260458946228,0.07038439810276031,3.757420927286148e-06,0.029254455119371414,0.0005412896727361663,0.995,0.05080854147672653,0.05063014477491379,0.0070671397261321545,0.0455
5025,50,0.12615562975406647,0.09776897728443146,3.164323743476416e-06,0.028383484110236168,0.0005371687526669438,0.9950392695044435,0.050733890384435654,0.050542399287223816,0.009295554831624031,0.0455
5050,50,0.10074518620967865,0.07618057727813721,2.44254874814942e-06,0.024562163278460503,0.0005330452921628497,0.9950785365865591,0.050786785781383514,0.050801437348127365,0.007200976368039846,0.0456
5075,50,0.12212949991226196,0.09369537234306335,2.874372057704022e-06,0.028431249782443047,0.0005289195730569321,0.9951177988241681,0.05069880932569504,0.05053387209773064,0.010987919755280018,0.0456
5100,50,0.12243679910898209,0.09300850331783295,1.4461887758443481e-06,0.029426852241158485,0.0005247918773366112,0.9951570537953907,0.050888657569885254,0.05068442225456238,0.004143546335399151,0.0456
5125,51,0.14063578844070435,0.11175211519002914,2.840689148797537e-06,0.028880838304758072,0.0005206624871244065,0.9951962990787954,0.05080392211675644,0.05054327845573425,0.0071812826208770275,0.0457
5150,51,0.10869193822145462,0.08099424839019775,8.644225886200729e-07,0.027696827426552773,0.0005165316846586541,0.9952355322535482,0.05096161365509033,0.05090375989675522,0.0015306881396099925,0.0457
5175,51,0.10497011244297028,0.07777013629674911,2.9513612389564514e-06,0.02719702199101448,0.0005123997522742151,0.9952747508995622,0.05073384568095207,0.050551559776067734,0.009396018460392952,0.0457
5200,51,0.10901852697134018,0.08527790755033493,2.505257725715637e-06,0.023738117888569832,0.0005082669723831793,0.9953139525976465,0.05074523016810417,0.050587862730026245,0.009314455091953278,0.0458
5225,52,0.11678023636341095,0.08802192658185959,1.6063762586782104e-06,0.028756702318787575,0.0005041336274555625,0.9953531349296558,0.050796061754226685,0.05054768919944763,0.006966108921915293,0.0458
5250,52,0.09954489022493362,0.07200930267572403,2.2510066628456116e-06,0.027533335611224174,0.0005,0.9953922954786392,0.050891708582639694,0.05067720264196396,0.00413457490503788,0.0458
5275,52,0.12730079889297485,0.09824109077453613,2.908675696744467e-06,0.02905680052936077,0.0004958663725444375,0.9954314318289896,0.05082017183303833,0.05069355666637421,0.005612848326563835,0.0457
5300,52,0.09846261143684387,0.07289811968803406,1.9289243482489837e-06,0.025562560185790062,0.0004917330276168208,0.9954705415665925,0.05091043934226036,0.05077057331800461,0.0036626970395445824,0.0457
5325,53,0.11463268101215363,0.08832097053527832,2.091284841299057e-06,0.02630961313843727,0.00048760024772578496,0.9955096222789752,0.050829581916332245,0.05081368610262871,0.0061070616357028484,0.0458
5350,53,0.12394589930772781,0.09386128932237625,1.6752941291997558e-06,0.030082931742072105,0.0004834683153413459,0.9955486715554552,0.05072871968150139,0.05054228752851486,0.009457655251026154,0.0458
5375,53,0.12164038419723511,0.09532676637172699,2.4383577965636505e-06,0.026311183348298073,0.0004793375128755934,0.9955876869872892,0.050886720418930054,0.05060531198978424,0.004676703363656998,0.0458
5400,53,0.10324113070964813,0.07720830291509628,2.133815314664389e-06,0.02603069506585598,0.0004752081226633888,0.9956266661678215,0.05065586790442467,0.050515174865722656,0.012501533143222332,0.0458
5425,54,0.10640149563550949,0.07914163172245026,2.9903217182436492e-06,0.027256876230239868,0.00047108042694306805,0.9956656066926327,0.05078703165054321,0.05066518113017082,0.008187382481992245,0.0458
5450,54,0.10249873995780945,0.0758693516254425,1.924733396663214e-06,0.026627466082572937,0.00046695470783715033,0.9957045061596879,0.0507727712392807,0.05066962540149689,0.008428815752267838,0.0459
5475,54,0.10545584559440613,0.080178402364254,3.4665379189391388e-06,0.02527398243546486,0.00046283124733305624,0.9957433621694846,0.050783704966306686,0.05055038258433342,0.008504797704517841,0.0458
5500,54,0.10937925428152084,0.0819716528058052,1.6934549194047577e-06,0.027405912056565285,0.0004587103272638339,0.9957821723252012,0.050810348242521286,0.0507514588534832,0.007035729009658098,0.0459
5525,55,0.11150253564119339,0.08200407028198242,2.32520210374787e-06,0.02949613891541958,0.0004545922292888959,0.9958209342328443,0.050840239971876144,0.0508495569229126,0.005950034596025944,0.0459
5550,55,0.10410693287849426,0.07351149618625641,1.06046604742005e-06,0.03059437870979309,0.0004504772348747687,0.995859645501397,0.05092683061957359,0.05083828791975975,0.0029906698036938906,0.0459
5575,55,0.10955162346363068,0.0802854597568512,1.6138268392751343e-06,0.0292645450681448,0.0004463656252758542,0.995898303742966,0.050866976380348206,0.05072510987520218,0.005448206793516874,0.046
5600,55,0.09740465134382248,0.07202596962451935,1.5081217270562775e-06,0.025377174839377403,0.00044225768151520694,0.9959369065729287,0.05080139636993408,0.050672851502895355,0.007641413249075413,0.046
5625,56,0.10001547634601593,0.07534322142601013,1.7060277741620666e-06,0.024670545011758804,0.00043815368436532617,0.9959754516100806,0.050809286534786224,0.05059925839304924,0.007541484199464321,0.046
5650,56,0.1149219423532486,0.08759789168834686,2.4262506030936493e-06,0.027321625500917435,0.0004340539143289655,0.9960139364767826,0.050820231437683105,0.050705455243587494,0.0066554853692650795,0.046
5675,56,0.12296897172927856,0.09580537676811218,2.029662482527783e-06,0.02716156840324402,0.00042995865161996104,0.9960523587991065,0.05063196271657944,0.05055836960673332,0.013910570181906223,0.046
5700,56,0.12418301403522491,0.0948263630270958,2.1583400666713715e-06,0.029354488477110863,0.00042586817614407896,0.9960907162069828,0.05075300857424736,0.05055057629942894,0.009591879323124886,0.046
5725,57,0.11793148517608643,0.08875884115695953,1.7401762306690216e-06,0.029170898720622063,0.0004217827674798845,0.9961290063343455,0.050822772085666656,0.05082061141729355,0.006550990976393223,0.0461
5750,57,0.12890587747097015,0.10130186378955841,1.996755599975586e-06,0.02760201133787632,0.00041770270485963295,0.9961672268192795,0.050572849810123444,0.050507061183452606,0.016208229586482048,0.0461
5775,57,0.106219582259655,0.08214044570922852,1.1085843425462372e-06,0.024078024551272392,0.000413628267150185,0.9962053753041652,0.0507240891456604,0.05042794346809387,0.010441243648529053,0.0461
5800,57,0.11338957399129868,0.0859256237745285,1.1899198852916015e-06,0.027462756261229515,0.0004095597328339452,0.9962434494358243,0.05059383809566498,0.050544582307338715,0.014807542786002159,0.0461
5825,58,0.12010717391967773,0.09248528629541397,3.069328840865637e-06,0.02761881984770298,0.00040549737998982996,0.996281446865665,0.050682149827480316,0.05059196054935455,0.011576688848435879,0.0461
5850,58,0.1075749397277832,0.08217170089483261,2.089887857437134e-06,0.025401145219802856,0.0004014414862742599,0.9963193652498269,0.05080397054553032,0.05062384530901909,0.007717849686741829,0.0461
5875,58,0.1236606165766716,0.09649747610092163,1.5546878557870514e-06,0.027161581441760063,0.00039739232890218293,0.9963572022493253,0.050745896995067596,0.050495363771915436,0.009896725416183472,0.0461
5900,58,0.11867092549800873,0.08902976661920547,1.0676061492631561e-06,0.02964009717106819,0.00039335018462812664,0.9963949555301962,0.05076634883880615,0.05060851201415062,0.00876285508275032,0.0461
5925,59,0.11141377687454224,0.08434489369392395,1.9581057131290436e-06,0.027066925540566444,0.00038931532972728285,0.996432622763639,0.050762858241796494,0.05080055445432663,0.00893213227391243,0.0462
5950,59,0.11360935121774673,0.08313478529453278,1.4184042811393738e-06,0.030473148450255394,0.00038528803997662424,0.9964702016261615,0.05083048343658447,0.050682179629802704,0.00722886435687542,0.0462
5975,59,0.10281896591186523,0.07410333305597305,1.1470790468592895e-06,0.028714487329125404,0.0003812685906360557,0.9965076897997225,0.05072588473558426,0.05053573101758957,0.010333581827580929,0.0462
6000,59,0.09145674109458923,0.06761854887008667,9.976017736335052e-07,0.023837191984057426,0.00037725725642960046,0.9965450849718748,0.05072873830795288,0.05071069300174713,0.010739816352725029,0.0462
6025,60,0.14323319494724274,0.11570675671100616,1.169430788650061e-06,0.027525264769792557,0.00037325431152662297,0.9965823848359079,0.05040639266371727,0.05038626119494438,0.021347032859921455,0.0462
6050,60,0.12379839271306992,0.09503056854009628,1.0707105957408203e-06,0.028766751289367676,0.00036926002952309013,0.9966195870909907,0.05051206797361374,0.050304196774959564,0.017937244847416878,0.0462
6075,60,0.12752662599086761,0.10005226731300354,1.6478201132485992e-06,0.027472710236907005,0.000365274683422871,0.9966566894423129,0.050549235194921494,0.050367191433906555,0.016747815534472466,0.0462
6100,60,0.12139895558357239,0.09371206909418106,1.5341987591455108e-06,0.02768534980714321,0.00036129854561907783,0.9966936896012265,0.0505954846739769,0.050558313727378845,0.014977535232901573,0.0462
6125,61,0.1229926124215126,0.09611302614212036,1.8961727619171143e-06,0.026877695694565773,0.00035733188787544744,0.9967305852853875,0.05071104317903519,0.05043334886431694,0.01122394297271967,0.0463
6150,61,0.10573313385248184,0.07886066287755966,1.1941108368773712e-06,0.026871277019381523,0.0003533749813077677,0.9967673742188963,0.05060754343867302,0.050515830516815186,0.014869466423988342,0.0463
6175,61,0.10990425944328308,0.08379217982292175,1.5002054851720459e-06,0.026110580191016197,0.00034942809636534636,0.9968040541324382,0.050447117537260056,0.05042586848139763,0.02047058939933777,0.0463
6200,61,0.12252591550350189,0.09276887029409409,1.8471231442163116e-06,0.02975519932806492,0.00034549150281252633,0.9968406227634233,0.05061611533164978,0.05050402134656906,0.01342956256121397,0.0463
6225,62,0.11328878253698349,0.08592355251312256,6.919726729393005e-07,0.027364535257220268,0.0003415654697102478,0.9968770778561264,0.05058734118938446,0.05064215511083603,0.015894008800387383,0.0464
6250,62,0.09540276229381561,0.06853890419006348,1.3462267816066742e-06,0.026862507686018944,0.0003376502653976583,0.9969134171618255,0.05064711719751358,0.05040806531906128,0.013677193783223629,0.0464
6275,62,0.10557630658149719,0.07744327187538147,7.636845111846924e-07,0.028132274746894836,0.00033374615747377165,0.9969496384389409,0.05075046420097351,0.05033792182803154,0.009812918491661549,0.0464
6300,62,0.10086224973201752,0.07576201856136322,1.0991159342665924e-06,0.025099128484725952,0.0003298534127791785,0.9969857394531739,0.05068763345479965,0.05071517825126648,0.011743126437067986,0.0464
6325,63,0.12803710997104645,0.10175523906946182,2.1453015506267548e-06,0.026279721409082413,0.00032597229737780776,0.9970217179776437,0.05069313198328018,0.050511687994003296,0.012178009375929832,0.0464
6350,63,0.12425622344017029,0.09916126728057861,1.6083940863609314e-06,0.025093350559473038,0.0003221030765387417,0.9970575717930256,0.05061965435743332,0.05057462304830551,0.014542185701429844,0.0464
6375,63,0.10753870755434036,0.07901695370674133,1.4062970876693726e-06,0.02852034382522106,0.000318246014718085,0.9970932986876871,0.050589196383953094,0.05048462748527527,0.015584122389554977,0.0464
6400,63,0.10894826054573059,0.07997660338878632,1.3080425560474396e-06,0.028970349580049515,0.0003144013755408895,0.9971288964578253,0.05067189782857895,0.05048283934593201,0.012571674771606922,0.0464
6425,64,0.105389304459095,0.07845272868871689,1.0295771062374115e-06,0.026935547590255737,0.0003105694217831361,0.997164362907602,0.05078994482755661,0.05062869191169739,0.00871142279356718,0.0465
6450,64,0.11833630502223969,0.090138740837574,8.113372018669907e-07,0.028196752071380615,0.000306750415353774,0.9971996958492796,0.05052500218153,0.05014212056994438,0.018286939710378647,0.0465
6475,64,0.15545359253883362,0.12728950381278992,1.3556953035731567e-06,0.02816273644566536,0.0003029446172768193,0.9972348931033556,0.05055058002471924,0.0503951832652092,0.016198696568608284,0.0464
6500,64,0.11963685601949692,0.09176493436098099,9.373761713504791e-07,0.027870982885360718,0.0002991522876735154,0.9972699524986978,0.05073460936546326,0.05061512440443039,0.010637180879712105,0.0464
6525,65,0.08931572735309601,0.06584851443767548,1.949879106177832e-06,0.023465260863304138,0.000295373685744553,0.9973048718726774,0.050663258880376816,0.05044333264231682,0.013284469023346901,0.0465
6550,65,0.10261772572994232,0.07234107702970505,7.011307161519653e-07,0.030275946483016014,0.0002916090697523549,0.9973396490713029,0.05055901035666466,0.05049700662493706,0.016482509672641754,0.0465
6575,65,0.10796720534563065,0.08113516867160797,1.244402255906607e-06,0.02683079056441784,0.00028785869700342323,0.997374281949353,0.050617896020412445,0.05044868215918541,0.014897773042321205,0.0465
6600,65,0.09775010496377945,0.07257194817066193,1.0131237786481506e-06,0.02517714537680149,0.0002841228238307536,0.9974087683705086,0.05058960244059563,0.05036068707704544,0.015367209911346436,0.0466
6625,66,0.09623298794031143,0.0718044564127922,8.398977797696716e-07,0.024427687749266624,0.0002804017055763149,0.9974431062074848,0.05070037767291069,0.05046417936682701,0.01174925547093153,0.0466
6650,66,0.09698014706373215,0.07129102945327759,1.0578272622296936e-06,0.025688061490654945,0.00027669559657359676,0.9974772933421621,0.050769925117492676,0.05066521465778351,0.009636797942221165,0.0466
6675,66,0.11917145550251007,0.09193117171525955,1.4387381952474243e-06,0.027238845825195312,0.00027300475013022663,0.9975113276657168,0.05060160160064697,0.05046903342008591,0.015277787111699581,0.0466
6700,66,0.11302539706230164,0.08409891277551651,1.0690031331250793e-06,0.028925418853759766,0.00026932941851065615,0.9975452070787518,0.0506201796233654,0.05055946111679077,0.014533976092934608,0.0466
6725,67,0.11749972403049469,0.09048086404800415,8.015583148335281e-07,0.02701805904507637,0.0002656698529189193,0.9975789294914252,0.05063502490520477,0.05040568858385086,0.014181321486830711,0.0467
6750,67,0.10307846963405609,0.0773928165435791,1.3926377278039581e-06,0.025684257969260216,0.0002620263034814632,0.9976124928235798,0.05050564929842949,0.05023961514234543,0.018949974328279495,0.0467
6775,67,0.08972951769828796,0.0624099001288414,1.4007091522216797e-06,0.027318214997649193,0.00025839901923005204,0.997645895004871,0.05063573271036148,0.05040685459971428,0.014209556393325329,0.0467
6800,67,0.10603078454732895,0.07690960168838501,1.292831029786612e-06,0.029119888320565224,0.0002547882480847461,0.9976791339748949,0.05047671124339104,0.05046603083610535,0.020106330513954163,0.0467
6825,68,0.1028444841504097,0.07608921825885773,9.227854889104492e-07,0.026754340156912804,0.00025119423683695656,0.9977122076833156,0.05063949152827263,0.05038292333483696,0.014069515280425549,0.0467
6850,68,0.11885736137628555,0.08913472294807434,1.1754843853850616e-06,0.029721463099122047,0.0002476172311325783,0.9977451140899907,0.0505952388048172,0.05040860176086426,0.015693549066781998,0.0468
6875,68,0.09527648985385895,0.06714703142642975,1.109050003833545e-06,0.02812834456562996,0.00024405747545519962,0.997777851165098,0.050688885152339935,0.050591498613357544,0.012415049597620964,0.0468
6900,68,0.09283659607172012,0.06622900813817978,9.609697144696838e-07,0.026606624945998192,0.00024051521310939256,0.9978104168892606,0.05051451176404953,0.05034179240465164,0.01890106312930584,0.0468
6925,69,0.10602851212024689,0.08012112975120544,1.1366792023181915e-06,0.025906240567564964,0.00023699068620408305,0.9978428092536713,0.050581417977809906,0.05054216831922531,0.016014091670513153,0.0468
6950,69,0.0970083549618721,0.073186956346035,9.917033594319946e-07,0.023820405825972557,0.00023348413563600325,0.9978750262602164,0.05058109760284424,0.050473086535930634,0.015913644805550575,0.0468
6975,69,0.12998884916305542,0.10219302773475647,4.99965040035022e-07,0.027795329689979553,0.00022999580107322653,0.9979070659215992,0.05060794949531555,0.05048706382513046,0.015025963075459003,0.0469
7000,69,0.12108580023050308,0.09280672669410706,7.844840865800506e-07,0.02827829122543335,0.00022652592093878665,0.9979389262614624,0.050397634506225586,0.05027523264288902,0.02266724966466427,0.0469
7025,70,0.11802033334970474,0.09108894318342209,8.563511073589325e-07,0.026930535212159157,0.00022307473239438152,0.9979706053145102,0.05056632682681084,0.05029774829745293,0.01650109887123108,0.0469
7050,70,0.11876723170280457,0.09147749096155167,8.164594760273758e-07,0.02728891931474209,0.0002196424713241637,0.9980021011266295,0.050594743341207504,0.05053899809718132,0.01549329049885273,0.0469
7075,70,0.10662154853343964,0.08027128875255585,8.591450750827789e-07,0.026349404826760292,0.00021622937231861823,0.99803341175501,0.05056855082511902,0.05039570853114128,0.016867056488990784,0.0469
7100,70,0.09294609725475311,0.0661165714263916,1.224999664373172e-06,0.026828307658433914,0.0002128356686585282,0.9980645352682649,0.0504738911986351,0.05039755627512932,0.020490862429142,0.0469
7125,71,0.09634612500667572,0.06992033123970032,7.073394954204559e-07,0.026425087824463844,0.0002094615922990309,0.9980954697465492,0.0506395623087883,0.05044979602098465,0.0139924306422472,0.047
7150,71,0.10814008861780167,0.08069019764661789,8.684583008289337e-07,0.027449017390608788,0.00020610737385376348,0.9981262132816785,0.05050019547343254,0.05038251727819443,0.017929749563336372,0.047
7175,71,0.0968082994222641,0.06965702772140503,1.362214561595465e-06,0.027149904519319534,0.00020277324257910107,0.9981567639772468,0.050600580871105194,0.0505007803440094,0.015408294275403023,0.047
7200,71,0.1166624128818512,0.08779631555080414,8.641121667096741e-07,0.028865233063697815,0.00019945942635848747,0.9981871199487434,0.05050584673881531,0.05031222105026245,0.018879635259509087,0.047
7225,72,0.10447534918785095,0.08005769550800323,8.30429314646608e-07,0.024416828528046608,0.00019616615168685942,0.9982172793236689,0.05058415234088898,0.05050153657793999,0.016291474923491478,0.047
7250,72,0.10723333805799484,0.08091335743665695,8.006269922589127e-07,0.02631918154656887,0.00019289364365516608,0.9982472402416509,0.0504789724946022,0.050257883965969086,0.01943557895720005,0.047
7275,72,0.09098362922668457,0.06386127322912216,8.782371878623962e-07,0.02712147869169712,0.00018964212593498443,0.998277000854559,0.05060654506087303,0.050472717732191086,0.015250538475811481,0.047
7300,72,0.09901466220617294,0.07293836772441864,7.551474254796631e-07,0.026075541973114014,0.00018641182076323148,0.9983065593266183,0.05049486458301544,0.05034030228853226,0.01936713419854641,0.0471
7325,73,0.10750588774681091,0.07813040912151337,6.253831088542938e-07,0.029374856501817703,0.00018320294892697474,0.998335913834523,0.05066516250371933,0.05043099448084831,0.013689315877854824,0.0471
7350,73,0.08907946944236755,0.0641530454158783,1.0095536708831787e-06,0.024925408884882927,0.00018001572974834167,0.9983650625675489,0.050635792315006256,0.050450727343559265,0.014460540376603603,0.0471
7375,73,0.0977228507399559,0.06946911662817001,5.566204777096573e-07,0.02825317345559597,0.0001768503810695295,0.9983940037276647,0.05048550292849541,0.050220146775245667,0.019857371225953102,0.0471
7400,73,0.10476218163967133,0.07744026929140091,8.403634410569794e-07,0.027321068570017815,0.00017370711923791565,0.9984227355296434,0.05045429989695549,0.050271403044462204,0.020871462300419807,0.0471
7425,74,0.0874049961566925,0.061410363763570786,6.49907974548114e-07,0.025993982329964638,0.000170586159091271,0.9984512562011721,0.05057709664106369,0.05027970299124718,0.0168867576867342,0.0472
7450,74,0.0925130695104599,0.06723006814718246,8.991919457912445e-07,0.025282103568315506,0.00016748771394307582,0.9984795639829616,0.05061520263552666,0.05042560026049614,0.015340426005423069,0.0472
7475,74,0.11229915916919708,0.08815014362335205,6.376455417012039e-07,0.024148372933268547,0.00016441199556794034,0.9985076571288543,0.05054934322834015,0.05024346709251404,0.017729857936501503,0.0472
7500,74,0.1044934093952179,0.078471839427948,5.943390419815842e-07,0.026020972058176994,0.00016135921418712956,0.9985355339059327,0.05056535452604294,0.05044444650411606,0.01712421327829361,0.0472
7525,75,0.12102805823087692,0.09466265887022018,4.3787684944618377e-07,0.02636496163904667,0.00015832957845419583,0.998563192594626,0.05060363933444023,0.050294674932956696,0.015609626658260822,0.0472
7550,75,0.10586348176002502,0.07801808416843414,7.231719791889191e-07,0.02784467302262783,0.0001553232954407171,0.998590631488816,0.05044995993375778,0.050155989825725555,0.020518014207482338,0.0473
7575,75,0.11948387324810028,0.09215403348207474,9.254242172573868e-07,0.027328914031386375,0.000152340570622144,0.9986178488959423,0.0505017451941967,0.050132863223552704,0.01908361166715622,0.0472
7600,75,0.09634926915168762,0.06994926184415817,3.618188202381134e-07,0.0263996459543705,0.00014938160786375572,0.9986448431371071,0.050686806440353394,0.05058274418115616,0.012848115526139736,0.0473
7625,76,0.09868226945400238,0.07120141386985779,8.279457688331604e-07,0.027480026707053185,0.00014644660940672628,0.9986716125471784,0.05043616145849228,0.050382182002067566,0.02137080207467079,0.0473
7650,76,0.09100331366062164,0.06685985624790192,5.893720071981079e-07,0.024142872542142868,0.0001435357758543015,0.998698155474893,0.050606898963451385,0.05032922327518463,0.01581759750843048,0.0473
7675,76,0.10057442635297775,0.07445217669010162,6.89333944592363e-07,0.026121556758880615,0.00014064930615808807,0.9987244702829581,0.05054647848010063,0.050189536064863205,0.017971795052289963,0.0473
7700,76,0.10630863159894943,0.08101101964712143,8.00006091594696e-07,0.025296812877058983,0.00013778739760445552,0.9987505553481523,0.050599418580532074,0.050483815371990204,0.015962745994329453,0.0473
7725,77,0.09934365749359131,0.074825718998909,3.989165122675331e-07,0.02451753430068493,0.00013495024580105193,0.998776409061426,0.050379686057567596,0.050295230001211166,0.023686323314905167,0.0473
7750,77,0.1117708757519722,0.08445338904857635,6.182430070111877e-07,0.02731686644256115,0.0001321380446634342,0.9988020298280001,0.05044418200850487,0.050301916897296906,0.02123003639280796,0.0474
7775,77,0.11605989933013916,0.0889853686094284,7.566995918750763e-07,0.027073770761489868,0.00012935098640181459,0.9988274160674654,0.05052734538912773,0.05021555349230766,0.01871398463845253,0.0474
7800,77,0.11242270469665527,0.0842214971780777,6.845220923423767e-07,0.02820052206516266,0.0001265892615079232,0.998852566213879,0.05056263133883476,0.05041670799255371,0.017350105568766594,0.0474
7825,78,0.0913107767701149,0.06508506834506989,7.813796401023865e-07,0.026224926114082336,0.00012385305874198778,0.9988774787158612,0.05055546015501022,0.05044817924499512,0.017541246488690376,0.0474
7850,78,0.10702606290578842,0.08037657290697098,4.1350722312927246e-07,0.026649082079529762,0.00012114256511983274,0.9989021520366916,0.05053136870265007,0.05047518014907837,0.01851535588502884,0.0474
7875,78,0.10383711755275726,0.08027487993240356,4.357037539648445e-07,0.023561809211969376,0.00011845796590009682,0.9989265846544038,0.050445400178432465,0.05024294555187225,0.021411394700407982,0.0474
7900,78,0.09756939113140106,0.07084567099809647,9.538296126265777e-07,0.02672276459634304,0.0001157994445715706,0.9989507750618785,0.05053044855594635,0.050355516374111176,0.018774282187223434,0.0474
7925,79,0.11048292368650436,0.0818251371383667,4.4284388422966003e-07,0.028657346963882446,0.00011316718284065536,0.9989747217669376,0.05052364990115166,0.05026323348283768,0.018787190318107605,0.0474
7950,79,0.10017132759094238,0.07610516250133514,6.387321036527283e-07,0.024065528064966202,0.00011056136061894385,0.9989984232924355,0.050458431243896484,0.050331585109233856,0.020874591544270515,0.0474
7975,79,0.09594551473855972,0.07014885544776917,3.891376252340706e-07,0.02579626999795437,0.00010798215601092354,0.999,0.050566166639328,0.05032746493816376,0.016887878999114037,0.0474
8000,79,0.1301911175251007,0.1024085134267807,4.001582851742569e-07,0.027782199904322624,0.00010542974530180327,0.999,0.0505518838763237,0.050483182072639465,0.017405737191438675,0.0474
8025,80,0.09427384287118912,0.06988702714443207,3.908450594281021e-07,0.02438643015921116,0.0001029043029454645,0.999,0.05055638402700424,0.050413649529218674,0.017554303631186485,0.0474
8050,80,0.10102211683988571,0.07673056423664093,5.878197839592758e-07,0.024290962144732475,0.00010040600155253765,0.999,0.05055997520685196,0.05052685737609863,0.017296064645051956,0.0474
8075,80,0.11262418329715729,0.08845226466655731,6.421469151973724e-07,0.02417127415537834,9.793501187860432e-05,0.999,0.050365567207336426,0.05008634924888611,0.024550922214984894,0.0474
8100,80,0.10678626596927643,0.08060380816459656,5.487042358254257e-07,0.026181910187005997,9.549150281252633e-05,0.999,0.050483278930187225,0.05037800595164299,0.019895972684025764,0.0475
8125,81,0.1278606355190277,0.1020331084728241,3.1416615797752456e-07,0.02582721784710884,9.307564136490254e-05,0.999,0.0505397692322731,0.05047193914651871,0.018158534541726112,0.0475
8150,81,0.12318240106105804,0.09357032924890518,4.533988828825386e-07,0.0296116154640913,9.068759265665382e-05,0.999,0.05051526054739952,0.05046938359737396,0.019062772393226624,0.0475
8175,81,0.09906624257564545,0.07470044493675232,4.7435364081138687e-07,0.024365322664380074,8.832751990773712e-05,0.999,0.0504828616976738,0.050488755106925964,0.020057836547493935,0.0476
8200,81,0.10197561234235764,0.07681968063116074,2.3298586881992378e-07,0.025155698880553246,8.599558442598998e-05,0.999,0.050334133207798004,0.05007731914520264,0.025413867086172104,0.0475
8225,82,0.10058415681123734,0.07426715642213821,2.53474979672319e-07,0.026316745206713676,8.369194559610482e-05,0.999,0.05059342831373215,0.050553902983665466,0.015824047848582268,0.0475
8250,82,0.1152581125497818,0.08839172124862671,1.958881910013588e-07,0.02686619758605957,8.141676086873573e-05,0.999,0.05053168162703514,0.050263892859220505,0.018451232463121414,0.0475
8275,82,0.0990295261144638,0.07349332422018051,2.0846104575866775e-07,0.025535989552736282,7.917018574973645e-05,0.999,0.05055125802755356,0.05034946650266647,0.017674995586276054,0.0475
8300,82,0.0957108810544014,0.07161290943622589,2.671343679594429e-07,0.024097701534628868,7.695237378953224e-05,0.999,0.050465673208236694,0.05028419941663742,0.02050250582396984,0.0475
8325,83,0.12788593769073486,0.0981007069349289,3.1742578698867874e-07,0.0297849178314209,7.476347657262456e-05,0.999,0.05047830194234848,0.05023191496729851,0.020350655540823936,0.0475
8350,83,0.1024753749370575,0.0741199404001236,3.1851232051849365e-07,0.02835511602461338,7.260364370723043e-05,0.999,0.050471942871809006,0.05041047930717468,0.020345287397503853,0.0475
8375,83,0.09524448961019516,0.06712756305932999,3.818422555923462e-07,0.02811654843389988,7.047302281505735e-05,0.999,0.05042830854654312,0.0499725304543972,0.02174854464828968,0.0476
8400,83,0.09766560792922974,0.07161158323287964,1.761751917683796e-07,0.02605384588241577,6.837175952121305e-05,0.999,0.05053069442510605,0.050370216369628906,0.01870224066078663,0.0476
8425,84,0.098244309425354,0.07134713232517242,3.1214830187309417e-07,0.026896867901086807,6.629999744425235e-05,0.999,0.050426311790943146,0.05027205869555473,0.02205856703221798,0.0476
8450,84,0.1061827763915062,0.07935316860675812,4.0372833609580994e-07,0.026829207316040993,6.425787818636131e-05,0.999,0.05053016543388367,0.05030645430088043,0.018586542457342148,0.0476
8475,84,0.10587713867425919,0.07767271995544434,3.467624480890663e-07,0.028204068541526794,6.22455413236786e-05,0.999,0.05024563521146774,0.04988908767700195,0.02832040749490261,0.0476
8500,84,0.12515945732593536,0.10078515857458115,2.390394797657791e-07,0.024374056607484818,6.026312439675552e-05,0.999,0.05055532976984978,0.050173692405223846,0.017658475786447525,0.0476
8525,85,0.12011237442493439,0.09226450324058533,1.8486753106117249e-07,0.027847683057188988,5.8310762901155724e-05,0.999,0.050535302609205246,0.05045367032289505,0.018078796565532684,0.0476
8550,85,0.10411801189184189,0.07879477739334106,2.0287311031097488e-07,0.025323031470179558,5.63885902781941e-05,0.999,0.05044587701559067,0.05043652653694153,0.021375736221671104,0.0476
8575,85,0.10303935408592224,0.07484421133995056,1.3519699848529854e-07,0.028195012360811234,5.449673790581611e-05,0.999,0.05046246200799942,0.050413697957992554,0.020604223012924194,0.0477
8600,85,0.11211084574460983,0.08328066766262054,2.2646661079761543e-07,0.02882995642721653,5.2635335089618264e-05,0.999,0.05064123123884201,0.050558000802993774,0.014321960508823395,0.0477
8625,86,0.09786523133516312,0.07156859338283539,2.5952857640731963e-07,0.026296375319361687,5.080450905401057e-05,0.999,0.050499215722084045,0.050318073481321335,0.019723551347851753,0.0476
8650,86,0.11146754026412964,0.08457894623279572,2.1653249859809875e-07,0.026888374239206314,4.900438493352055e-05,0.999,0.050542112439870834,0.05039461702108383,0.017822682857513428,0.0476
8675,86,0.09899572283029556,0.06937920302152634,1.8673017621040344e-07,0.029616331681609154,4.723508576424062e-05,0.999,0.050482623279094696,0.050067078322172165,0.020166343078017235,0.0477
8700,86,0.08679421246051788,0.06324460357427597,2.399708023403946e-07,0.02354937419295311,4.5496732475418745e-05,0.999,0.05057203769683838,0.05060725659132004,0.01685573160648346,0.0477
8725,87,0.09828487038612366,0.07180257141590118,2.326754326986702e-07,0.02648206613957882,4.3789443881193104e-05,0.999,0.05066300183534622,0.05049274489283562,0.013520372100174427,0.0477
8750,87,0.07776746153831482,0.05593638867139816,1.4171625650760689e-07,0.021830935031175613,4.211333667247125e-05,0.999,0.05051572248339653,0.050333574414253235,0.018930980935692787,0.0477
8775,87,0.10605188459157944,0.08101148903369904,1.2914340175029793e-07,0.025040268898010254,4.046852540895446e-05,0.999,0.05044037848711014,0.050224702805280685,0.021880215033888817,0.0477
8800,87,0.09966731816530228,0.07506930828094482,1.958881910013588e-07,0.024597814306616783,3.885512251130763e-05,0.999,0.0504751056432724,0.05024055391550064,0.02042250894010067,0.0477
8825,88,0.1113239973783493,0.08570806682109833,1.1563922441837349e-07,0.025615809485316277,3.727323825347578e-05,0.999,0.050467606633901596,0.050384730100631714,0.020887520164251328,0.0477
8850,88,0.10407601296901703,0.07757984101772308,2.1404898120636062e-07,0.026495957747101784,3.572298075514652e-05,0.999,0.05044923722743988,0.05034595727920532,0.02125750668346882,0.0477
8875,88,0.10347383469343185,0.0772383064031601,1.7508864402770996e-07,0.026235351338982582,3.420445597436056e-05,0.999,0.05061955749988556,0.050363749265670776,0.015432269312441349,0.0477
8900,88,0.08670325577259064,0.062322527170181274,9.251137811361332e-08,0.0243806391954422,3.271776770026963e-05,0.999,0.05053209513425827,0.050308287143707275,0.018389612436294556,0.0477
8925,89,0.09481284022331238,0.06819173693656921,1.4652809454673843e-07,0.026620954275131226,3.1263017546042326e-05,0.999,0.05046510696411133,0.050100043416023254,0.021229015663266182,0.0478
8950,89,0.1004905253648758,0.07605862617492676,5.1533184830532264e-08,0.024431848898530006,2.9840304941919415e-05,0.999,0.05051469802856445,0.050409432500600815,0.019483882933855057,0.0478
8975,89,0.10369132459163666,0.07789813727140427,9.34427006882288e-08,0.02579309418797493,2.8449727128417368e-05,0.999,0.05053039640188217,0.05031350255012512,0.018569808453321457,0.0478
9000,89,0.1155262440443039,0.08781551569700241,1.171914263409235e-07,0.02771061100065708,2.709137914968268e-05,0.999,0.05054214596748352,0.05046699941158295,0.0183187834918499,0.0478
9025,90,0.10112704336643219,0.07684014737606049,1.2898817658424377e-07,0.024286771193146706,2.57653538469953e-05,0.999,0.05052454397082329,0.05043146014213562,0.01866043545305729,0.0478
9050,90,0.1037445217370987,0.07437419891357422,1.1688098311424255e-07,0.029370207339525223,2.4471741852423235e-05,0.999,0.050457995384931564,0.05024048686027527,0.021067218855023384,0.0478
9075,90,0.09910044074058533,0.07406754791736603,8.987262845039368e-08,0.025032807141542435,2.321063158262793e-05,0.999,0.050585612654685974,0.05051203817129135,0.016424981877207756,0.0478
9100,90,0.09566780179738998,0.07142919301986694,1.0586033738491096e-07,0.024238502606749535,2.198210923282118e-05,0.999,0.05048059672117233,0.05030141398310661,0.020414505153894424,0.0478
9125,91,0.10636922717094421,0.07763297855854034,1.6065314412117004e-07,0.028736088424921036,2.0786258770873646e-05,0.999,0.050472110509872437,0.050317905843257904,0.02036709524691105,0.0478
9150,91,0.11389444023370743,0.08621323108673096,7.41953698479847e-08,0.02768113650381565,1.9623161931575928e-05,0.999,0.05038062483072281,0.05041312798857689,0.023536240682005882,0.0478
9175,91,0.09160421788692474,0.06739731132984161,7.621323305784244e-08,0.02420683018863201,1.849289821105199e-05,0.999,0.05057086795568466,0.05037383735179901,0.01703486777842045,0.0479
9200,91,0.10823121666908264,0.08285984396934509,7.047007954952278e-08,0.025371303781867027,1.7395544861325717e-05,0.999,0.05044860765337944,0.050159454345703125,0.02136877179145813,0.0479
9225,92,0.11504772305488586,0.08941803872585297,7.000441826221504e-08,0.025629615411162376,1.6331176885040876e-05,0.999,0.050672560930252075,0.05039624124765396,0.013207345269620419,0.0479
9250,92,0.09729479253292084,0.06757009029388428,6.05359673500061e-08,0.029724640771746635,1.5299867030334813e-05,0.999,0.050490982830524445,0.05032157897949219,0.020105523988604546,0.0479
9275,92,0.11473241448402405,0.08806288987398148,4.423782229423523e-08,0.026669476181268692,1.4301685785866214e-05,0.999,0.050495635718107224,0.050459977239370346,0.019186323508620262,0.0479
9300,92,0.10867242515087128,0.07978172600269318,6.51925802230835e-08,0.02889062836766243,1.3336701375997129e-05,0.999,0.05053735896945,0.05049778148531914,0.018176181241869926,0.048
9325,93,0.10027074813842773,0.07318820804357529,5.3551048040390015e-08,0.02708248607814312,1.2404979756130142e-05,0.999,0.05051109939813614,0.050461046397686005,0.01873759552836418,0.048
9350,93,0.0916774794459343,0.06378019601106644,5.650023737757692e-08,0.027897223830223083,1.1506584608200365e-05,0.999,0.05045006424188614,0.050387248396873474,0.021474553272128105,0.0481
9375,93,0.10115434229373932,0.07782457023859024,3.725290298461914e-08,0.023329731076955795,1.064157733632276e-05,0.999,0.050606440752744675,0.05045279115438461,0.01594996266067028,0.0481
9400,93,0.10520727932453156,0.07926604151725769,5.7121120278225135e-08,0.02594117820262909,9.810017062595322e-06,0.999,0.050409138202667236,0.050352662801742554,0.02296188473701477,0.0481
9425,94,0.11075574904680252,0.08240905404090881,3.337239462553043e-08,0.02834666334092617,9.011960623058202e-06,0.999,0.05061055347323418,0.05053865909576416,0.015438725240528584,0.0481
9450,94,0.09107517451047897,0.06662631034851074,5.479281384168644e-08,0.024448812007904053,8.247462563808816e-06,0.999,0.05058469623327255,0.050414204597473145,0.01648731343448162,0.0481
9475,94,0.08655905723571777,0.06167127192020416,5.075708031654358e-08,0.024887729436159134,7.516575137274162e-06,0.999,0.05065244436264038,0.05051498860120773,0.014300567097961903,0.0481
9500,94,0.09060941636562347,0.0672992616891861,3.476937848745365e-08,0.023310115560889244,6.819348298638839e-06,0.999,0.05061957240104675,0.05039447546005249,0.015235004015266895,0.0481
9525,95,0.1017158180475235,0.07587388902902603,3.461415687411318e-08,0.02584189549088478,6.15582970243117e-06,0.999,0.05045574903488159,0.05033169686794281,0.021054983139038086,0.0481
9550,95,0.10433998703956604,0.07888925075531006,2.3438285978727436e-08,0.025450710207223892,5.5260646992657535e-06,0.999,0.050493355840444565,0.05042137950658798,0.019627774134278297,0.0482
9575,95,0.09701620787382126,0.06955671310424805,2.5766592415266132e-08,0.02745947241783142,4.930096332744105e-06,0.999,0.05048384517431259,0.05026497691869736,0.02012782357633114,0.0482
9600,95,0.11253562569618225,0.08399280905723572,3.3993273973464966e-08,0.028542781248688698,4.367965336512402e-06,0.999,0.05050863325595856,0.05049769580364227,0.019146345555782318,0.0482
9625,96,0.08959686756134033,0.06519600749015808,2.87157799760962e-08,0.024400830268859863,3.839710131477492e-06,0.999,0.05064001679420471,0.05054735764861107,0.014604508876800537,0.0482
9650,96,0.10021515190601349,0.07524143159389496,8.53712389670136e-09,0.024973709136247635,3.3453668231809286e-06,0.999,0.050424765795469284,0.0501888170838356,0.02220775932073593,0.0483
9675,96,0.0948961079120636,0.07082763314247131,1.0244548320770264e-08,0.02406846545636654,2.8849691993311777e-06,0.999,0.050617821514606476,0.05058756098151207,0.015287208370864391,0.0483
9700,96,0.11550762504339218,0.08916553854942322,3.0423205288343524e-08,0.026342058554291725,2.458548727494292e-06,0.999,0.050516389310359955,0.050207071006298065,0.019029423594474792,0.0483
9725,97,0.12251011282205582,0.09757709503173828,2.4990489677634287e-08,0.024932995438575745,2.0661345529430776e-06,0.999,0.05052667856216431,0.050361331552267075,0.018632741644978523,0.0483
9750,97,0.09349599480628967,0.06579037010669708,6.829699028543246e-09,0.027705615386366844,1.7077534966650766e-06,0.999,0.050421424210071564,0.050231754779815674,0.022167831659317017,0.0483
9775,97,0.10264791548252106,0.07608605921268463,3.213062882423401e-08,0.026561826467514038,1.3834300535294219e-06,0.999,0.0503866970539093,0.050283282995224,0.02354993298649788,0.0483
9800,97,0.1316716969013214,0.10349159687757492,2.6853134826865244e-08,0.028180068358778954,1.0931863906127326e-06,0.999,0.050348155200481415,0.04985678941011429,0.024986090138554573,0.0484
9825,98,0.09095554798841476,0.06490708887577057,8.07146260939362e-09,0.0260484516620636,8.37042345683714e-07,0.999,0.050488583743572235,0.05030244216322899,0.019903287291526794,0.0484
9850,98,0.09635037183761597,0.06762081384658813,2.0023435354232788e-08,0.02872953750193119,6.150154258476315e-07,0.999,0.05060073733329773,0.05035031959414482,0.015953732654452324,0.0484
9875,98,0.11336583644151688,0.08338084816932678,2.918144126340394e-08,0.029984956607222557,4.2712080634949023e-07,0.999,0.05061564967036247,0.05045270174741745,0.015068426728248596,0.0484
9900,98,0.11638672649860382,0.09289476275444031,1.2262414195163274e-08,0.02349194884300232,2.733713295369755e-07,0.999,0.05052214860916138,0.05042784661054611,0.018442213535308838,0.0484
9925,99,0.12026612460613251,0.09410363435745239,2.219652195378785e-08,0.026162469759583473,1.53777503982655e-07,0.999,0.050486575812101364,0.0504520945250988,0.020094070583581924,0.0484
9950,99,0.10789072513580322,0.08363019675016403,4.6566128730773926e-09,0.024260524660348892,6.834750376549792e-08,0.999,0.050516527146101,0.0504240058362484,0.01903327740728855,0.0484
9975,99,0.13911673426628113,0.11205455660820007,2.1420419216156006e-08,0.027062147855758667,1.708716791271048e-08,0.999,0.0505288690328598,0.050465941429138184,0.018586700782179832,0.0484
10000,99,0.10796180367469788,0.0823390781879425,9.778887033462524e-09,0.025622719898819923,0.0,0.999,0.050539564341306686,0.05021030828356743,0.018391486257314682,0.0485
